simulation_run,planned_day,executed_day,shift_index,day_type,job_id,from_backlog,was_delayed,day_delay,maintenance_start_day,maintenance_end_day,station,start_time_day,end_time_day,start_time_global,end_time_global,duration,stop_count,stop_delay,lane
1,1,1,0,weekday,19,False,False,0,,,A,0.0,87.35990040468054,0.0,87.35990040468054,87.35990040468054,10,2.275655657799499,Day 1 - weekday - Station A
1,1,1,0,weekday,19,False,False,0,,,B,87.35990040468054,154.88612387337088,87.35990040468054,154.88612387337088,67.52622346869035,0,0.0,Day 1 - weekday - Station B
1,1,1,0,weekday,8,False,False,0,,,A,154.88612387337088,240.19873452666735,154.88612387337088,240.19873452666735,85.31261065329646,7,4.033882441348524,Day 1 - weekday - Station A
1,1,1,0,weekday,8,False,False,0,,,B,240.19873452666735,309.97706832437086,240.19873452666735,309.97706832437086,69.77833379770348,0,0.0,Day 1 - weekday - Station B
1,1,1,0,weekday,11,False,False,0,,,A,309.97706832437086,407.7927346973306,309.97706832437086,407.7927346973306,97.81566637295975,11,4.406162247447453,Day 1 - weekday - Station A
1,1,1,0,weekday,11,False,False,0,,,B,407.7927346973306,471.0012833198151,407.7927346973306,471.0012833198151,63.2085486224845,0,0.0,Day 1 - weekday - Station B
1,1,1,1,weekday,6,True,False,0,,,A,0.0,86.58759446007616,0.0,86.58759446007616,86.58759446007616,7,2.675568665002457,Day 1 - weekday - Station A
1,1,1,1,weekday,6,True,False,0,,,B,86.58759446007616,153.9653309618194,86.58759446007616,153.9653309618194,67.37773650174324,0,0.0,Day 1 - weekday - Station B
1,1,1,1,weekday,13,True,False,0,,,A,153.9653309618194,250.4154959452185,153.9653309618194,250.4154959452185,96.4501649833991,4,2.464569585721723,Day 1 - weekday - Station A
1,1,1,1,weekday,13,True,False,0,,,B,250.4154959452185,312.554279602699,250.4154959452185,312.554279602699,62.138783657480495,0,0.0,Day 1 - weekday - Station B
1,1,1,1,weekday,86,True,False,0,,,A,312.554279602699,407.40728679340714,312.554279602699,407.40728679340714,94.8530071907081,9,5.047055425864986,Day 1 - weekday - Station A
1,1,1,1,weekday,86,True,False,0,,,B,407.40728679340714,479.9471615239311,407.40728679340714,479.9471615239311,72.53987473052393,0,0.0,Day 1 - weekday - Station B
1,2,2,0,weekday,90,False,False,0,,,A,0.0,86.5109826168206,480.0,566.5109826168206,86.5109826168206,12,7.949184429391281,Day 2 - weekday - Station A
1,2,2,0,weekday,90,False,False,0,,,B,86.5109826168206,149.41871615513742,566.5109826168206,629.4187161551374,62.90773353831683,0,0.0,Day 2 - weekday - Station B
1,2,2,0,weekday,80,False,False,0,,,A,149.41871615513742,240.78652104849135,629.4187161551374,720.7865210484913,91.36780489335392,9,4.237056224158735,Day 2 - weekday - Station A
1,2,2,0,weekday,80,False,False,0,,,B,240.78652104849135,294.3173107398658,720.7865210484913,774.3173107398658,53.53078969137442,0,0.0,Day 2 - weekday - Station B
1,2,2,0,weekday,35,False,False,0,,,A,294.3173107398658,383.91751831069257,774.3173107398658,863.9175183106926,89.60020757082678,6,2.6978216262998105,Day 2 - weekday - Station A
1,2,2,0,weekday,35,False,False,0,,,B,383.91751831069257,436.76485951063796,863.9175183106926,916.764859510638,52.84734119994537,0,0.0,Day 2 - weekday - Station B
1,2,2,1,weekday,82,True,False,0,,,A,0.0,93.16741568043744,480.0,573.1674156804374,93.16741568043744,7,5.167083834094371,Day 2 - weekday - Station A
1,2,2,1,weekday,82,True,False,0,,,B,93.16741568043744,189.9983398079675,573.1674156804374,669.9983398079676,96.83092412753007,0,0.0,Day 2 - weekday - Station B
1,2,2,1,weekday,71,True,False,0,,,A,189.9983398079675,285.3956269101691,669.9983398079676,765.3956269101691,95.39728710220156,11,6.3992685548892165,Day 2 - weekday - Station A
1,2,2,1,weekday,71,True,False,0,,,B,285.3956269101691,367.4753895242159,765.3956269101691,847.4753895242159,82.07976261404684,0,0.0,Day 2 - weekday - Station B
1,2,3,0,weekday,36,True,True,1,,,A,0.0,106.05081336279902,960.0,1066.050813362799,106.05081336279902,12,7.510887205795924,Day 3 - weekday - Station A
1,2,3,0,weekday,36,True,True,1,,,B,106.05081336279902,168.1654073832447,1066.050813362799,1128.1654073832447,62.11459402044571,0,0.0,Day 3 - weekday - Station B
1,3,3,0,weekday,97,False,False,0,,,A,168.1654073832447,258.91579186980437,1128.1654073832447,1218.9157918698043,90.75038448655964,10,5.033433307078117,Day 3 - weekday - Station A
1,3,3,0,weekday,97,False,False,0,,,B,258.91579186980437,342.71565097873554,1218.9157918698043,1302.7156509787355,83.7998591089312,0,0.0,Day 3 - weekday - Station B
1,3,3,1,weekday,87,True,False,0,,,A,0.0,92.47002447779106,960.0,1052.470024477791,92.47002447779106,8,3.8013386185360245,Day 3 - weekday - Station A
1,3,3,1,weekday,87,True,False,0,,,B,92.47002447779106,167.05381355834828,1052.470024477791,1127.0538135583483,74.58378908055724,0,0.0,Day 3 - weekday - Station B
1,4,4,0,weekday,17,False,False,0,50.801383437175446,170.80138343717545,A,170.80138343717545,257.0394706458578,1610.8013834371754,1697.0394706458578,86.2380872086824,0,0.0,Day 4 - weekday - Station A
1,4,4,0,weekday,17,False,False,0,50.801383437175446,170.80138343717545,B,257.0394706458578,318.5719210822358,1697.0394706458578,1758.5719210822358,61.532450436378,0,0.0,Day 4 - weekday - Station B
1,4,4,0,weekday,12,False,False,0,50.801383437175446,170.80138343717545,A,318.5719210822358,404.9305767130388,1758.5719210822358,1844.9305767130388,86.35865563080299,0,0.0,Day 4 - weekday - Station A
1,4,4,0,weekday,12,False,False,0,50.801383437175446,170.80138343717545,B,404.9305767130388,468.7971193538551,1844.9305767130388,1908.7971193538551,63.86654264081632,0,0.0,Day 4 - weekday - Station B
1,4,4,1,weekday,68,True,False,0,,,A,0.0,87.34711220751872,1440.0,1527.3471122075186,87.34711220751872,0,0.0,Day 4 - weekday - Station A
1,4,4,1,weekday,68,True,False,0,,,B,87.34711220751872,149.36519736151675,1527.3471122075186,1589.3651973615167,62.01808515399804,0,0.0,Day 4 - weekday - Station B
1,4,4,1,weekday,96,True,False,0,,,A,149.36519736151675,240.30315367943135,1589.3651973615167,1680.3031536794313,90.9379563179146,0,0.0,Day 4 - weekday - Station A
1,4,4,1,weekday,96,True,False,0,,,B,240.30315367943135,303.7998027471682,1680.3031536794313,1743.799802747168,63.49664906773684,0,0.0,Day 4 - weekday - Station B
1,4,4,1,weekday,83,True,False,0,,,A,303.7998027471682,394.227600797474,1743.799802747168,1834.227600797474,90.42779805030582,0,0.0,Day 4 - weekday - Station A
1,4,4,1,weekday,83,True,False,0,,,B,394.227600797474,466.10940993542846,1834.227600797474,1906.1094099354284,71.88180913795446,0,0.0,Day 4 - weekday - Station B
1,4,5,0,weekday,43,True,True,1,,,A,0.0,103.7005888010865,1920.0,2023.7005888010865,103.7005888010865,0,0.0,Day 5 - weekday - Station A
1,4,5,0,weekday,43,True,True,1,,,B,103.7005888010865,173.73709428600694,2023.7005888010865,2093.737094286007,70.03650548492045,0,0.0,Day 5 - weekday - Station B
1,5,5,0,weekday,14,False,False,0,,,A,173.73709428600694,257.7238773405528,2093.737094286007,2177.723877340553,83.9867830545459,0,0.0,Day 5 - weekday - Station A
1,5,5,0,weekday,14,False,False,0,,,B,257.7238773405528,327.5572869706991,2177.723877340553,2247.5572869706994,69.83340963014632,0,0.0,Day 5 - weekday - Station B
1,5,5,1,weekday,84,True,False,0,,,A,0.0,85.53357608080745,1920.0,2005.5335760808075,85.53357608080745,0,0.0,Day 5 - weekday - Station A
1,5,5,1,weekday,84,True,False,0,,,B,85.53357608080745,165.98454532059026,2005.5335760808075,2085.9845453205903,80.45096923978281,0,0.0,Day 5 - weekday - Station B
1,5,5,1,weekday,50,True,False,0,,,A,165.98454532059026,253.61176985063318,2085.9845453205903,2173.611769850633,87.62722453004292,0,0.0,Day 5 - weekday - Station A
1,5,5,1,weekday,50,True,False,0,,,B,253.61176985063318,330.3575518456629,2173.611769850633,2250.357551845663,76.74578199502974,0,0.0,Day 5 - weekday - Station B
1,5,6,0,weekday,7,True,True,1,,,A,0.0,90.2499411834203,2400.0,2490.24994118342,90.2499411834203,0,0.0,Day 6 - weekday - Station A
1,5,6,0,weekday,7,True,True,1,,,B,90.2499411834203,147.20604356204214,2490.24994118342,2547.206043562042,56.95610237862183,0,0.0,Day 6 - weekday - Station B
1,5,6,0,weekday,27,True,True,1,,,A,147.20604356204214,236.78447891983853,2547.206043562042,2636.7844789198384,89.57843535779641,0,0.0,Day 6 - weekday - Station A
1,5,6,0,weekday,27,True,True,1,,,B,236.78447891983853,304.48863282410565,2636.7844789198384,2704.4886328241055,67.70415390426713,0,0.0,Day 6 - weekday - Station B
1,5,6,1,weekday,52,True,True,1,,,A,0.0,92.74710239694924,2400.0,2492.7471023969492,92.74710239694924,0,0.0,Day 6 - weekday - Station A
1,5,6,1,weekday,52,True,True,1,,,B,92.74710239694924,158.47489786457174,2492.7471023969492,2558.4748978645716,65.7277954676225,0,0.0,Day 6 - weekday - Station B
1,6,6,1,weekday,32,True,False,0,,,A,158.47489786457174,242.40923204389986,2558.4748978645716,2642.4092320439,83.93433417932813,0,0.0,Day 6 - weekday - Station A
1,6,6,1,weekday,32,True,False,0,,,B,242.40923204389986,313.0201995792565,2642.4092320439,2713.0201995792563,70.61096753535662,0,0.0,Day 6 - weekday - Station B
1,6,6,1,weekday,23,True,False,0,,,A,313.0201995792565,403.22138750398005,2713.0201995792563,2803.22138750398,90.20118792472357,0,0.0,Day 6 - weekday - Station A
1,6,6,1,weekday,23,True,False,0,,,B,403.22138750398005,467.4520584634562,2803.22138750398,2867.452058463456,64.23067095947613,0,0.0,Day 6 - weekday - Station B
1,6,7,0,weekday,74,True,True,1,,,A,0.0,94.16004024036778,2880.0,2974.160040240368,94.16004024036778,0,0.0,Day 7 - weekday - Station A
1,6,7,0,weekday,74,True,True,1,,,B,94.16004024036778,175.67243195374766,2974.160040240368,3055.6724319537475,81.51239171337988,0,0.0,Day 7 - weekday - Station B
1,6,7,0,weekday,46,True,True,1,,,A,175.67243195374766,269.2205560366432,3055.6724319537475,3149.2205560366433,93.5481240828955,0,0.0,Day 7 - weekday - Station A
1,6,7,0,weekday,46,True,True,1,,,B,269.2205560366432,349.91089586626896,3149.2205560366433,3229.910895866269,80.69033982962576,0,0.0,Day 7 - weekday - Station B
1,7,7,1,weekday,61,True,False,0,,,A,0.0,88.82337024658455,2880.0,2968.8233702465845,88.82337024658455,0,0.0,Day 7 - weekday - Station A
1,7,7,1,weekday,61,True,False,0,,,B,88.82337024658455,143.7732237799865,2968.8233702465845,3023.7732237799864,54.949853533401935,0,0.0,Day 7 - weekday - Station B
1,7,7,1,weekday,1,True,False,0,,,A,143.7732237799865,232.9086818025189,3023.7732237799864,3112.908681802519,89.13545802253243,0,0.0,Day 7 - weekday - Station A
1,7,7,1,weekday,1,True,False,0,,,B,232.9086818025189,302.33578011021666,3112.908681802519,3182.3357801102165,69.42709830769772,0,0.0,Day 7 - weekday - Station B
1,7,7,1,weekday,34,True,False,0,,,A,302.33578011021666,390.1825220682857,3182.3357801102165,3270.182522068286,87.84674195806906,0,0.0,Day 7 - weekday - Station A
1,7,7,1,weekday,34,True,False,0,,,B,390.1825220682857,466.2523655439151,3270.182522068286,3346.252365543915,76.06984347562938,0,0.0,Day 7 - weekday - Station B
1,7,8,0,weekday,93,True,True,1,,,A,0.0,95.95796202213427,3360.0,3455.9579620221343,95.95796202213427,0,0.0,Day 8 - weekday - Station A
1,7,8,0,weekday,93,True,True,1,,,B,95.95796202213427,185.07045692220476,3455.9579620221343,3545.070456922205,89.11249490007047,0,0.0,Day 8 - weekday - Station B
1,8,8,0,weekday,58,False,False,0,,,A,185.07045692220476,271.9933052608438,3545.070456922205,3631.993305260844,86.92284833863903,0,0.0,Day 8 - weekday - Station A
1,8,8,0,weekday,58,False,False,0,,,B,271.9933052608438,323.4164410883602,3631.993305260844,3683.4164410883604,51.423135827516404,0,0.0,Day 8 - weekday - Station B
1,8,8,1,weekday,49,True,False,0,,,A,0.0,86.33385103209092,3360.0,3446.333851032091,86.33385103209092,0,0.0,Day 8 - weekday - Station A
1,8,8,1,weekday,49,True,False,0,,,B,86.33385103209092,151.8839289330038,3446.333851032091,3511.883928933004,65.5500779009129,0,0.0,Day 8 - weekday - Station B
1,8,8,1,weekday,60,True,False,0,,,A,151.8839289330038,245.5293331949112,3511.883928933004,3605.529333194911,93.64540426190742,0,0.0,Day 8 - weekday - Station A
1,8,8,1,weekday,60,True,False,0,,,B,245.5293331949112,315.5275301362727,3605.529333194911,3675.5275301362726,69.99819694136147,0,0.0,Day 8 - weekday - Station B
1,8,8,1,weekday,3,True,False,0,,,A,315.5275301362727,407.52144020067897,3675.5275301362726,3767.521440200679,91.9939100644063,0,0.0,Day 8 - weekday - Station A
1,8,8,1,weekday,3,True,False,0,,,B,407.52144020067897,467.43116221285254,3767.521440200679,3827.4311622128525,59.909722012173546,0,0.0,Day 8 - weekday - Station B
1,8,9,0,weekday,51,True,True,1,76.81237265291622,196.81237265291622,A,196.81237265291622,295.50098277388486,4036.812372652916,4135.500982773885,98.6886101209686,0,0.0,Day 9 - weekday - Station A
1,8,9,0,weekday,51,True,True,1,76.81237265291622,196.81237265291622,B,295.50098277388486,362.682504774561,4135.500982773885,4202.682504774561,67.18152200067613,0,0.0,Day 9 - weekday - Station B
1,8,9,1,weekday,100,True,True,1,,,A,0.0,90.36709358602069,3840.0,3930.3670935860205,90.36709358602069,0,0.0,Day 9 - weekday - Station A
1,8,9,1,weekday,100,True,True,1,,,B,90.36709358602069,173.4402406399631,3930.3670935860205,4013.440240639963,83.0731470539424,0,0.0,Day 9 - weekday - Station B
1,9,9,1,weekday,73,True,False,0,,,A,173.4402406399631,254.46844200131352,4013.440240639963,4094.4684420013136,81.02820136135041,0,0.0,Day 9 - weekday - Station A
1,9,9,1,weekday,73,True,False,0,,,B,254.46844200131352,325.3551915002537,4094.4684420013136,4165.355191500254,70.88674949894019,0,0.0,Day 9 - weekday - Station B
1,9,9,1,weekday,88,True,False,0,,,A,325.3551915002537,406.95831369253034,4165.355191500254,4246.95831369253,81.60312219227667,0,0.0,Day 9 - weekday - Station A
1,9,9,1,weekday,88,True,False,0,,,B,406.95831369253034,466.6127904513919,4246.95831369253,4306.612790451392,59.65447675886159,0,0.0,Day 9 - weekday - Station B
1,9,10,0,weekday,48,True,True,1,,,A,0.0,91.17253658941782,4320.0,4411.172536589418,91.17253658941782,0,0.0,Day 10 - weekday - Station A
1,9,10,0,weekday,48,True,True,1,,,B,91.17253658941782,167.03010619123182,4411.172536589418,4487.030106191231,75.857569601814,0,0.0,Day 10 - weekday - Station B
1,9,10,0,weekday,2,True,True,1,,,A,167.03010619123182,261.242008541825,4487.030106191231,4581.242008541825,94.21190235059318,0,0.0,Day 10 - weekday - Station A
1,9,10,0,weekday,2,True,True,1,,,B,261.242008541825,326.6391660811466,4581.242008541825,4646.639166081147,65.39715753932158,0,0.0,Day 10 - weekday - Station B
1,9,10,1,weekday,57,True,True,1,,,A,0.0,90.7122749213208,4320.0,4410.71227492132,90.7122749213208,0,0.0,Day 10 - weekday - Station A
1,9,10,1,weekday,57,True,True,1,,,B,90.7122749213208,149.9207991351132,4410.71227492132,4469.920799135113,59.20852421379241,0,0.0,Day 10 - weekday - Station B
1,10,10,1,weekday,70,True,False,0,,,A,149.9207991351132,241.13574863903176,4469.920799135113,4561.135748639032,91.21494950391856,0,0.0,Day 10 - weekday - Station A
1,10,10,1,weekday,70,True,False,0,,,B,241.13574863903176,307.6316333861129,4561.135748639032,4627.631633386113,66.49588474708116,0,0.0,Day 10 - weekday - Station B
1,10,10,1,weekday,25,True,False,0,,,A,307.6316333861129,401.35143999275175,4627.631633386113,4721.351439992752,93.71980660663881,0,0.0,Day 10 - weekday - Station A
1,10,10,1,weekday,25,True,False,0,,,B,401.35143999275175,475.7949152691214,4721.351439992752,4795.794915269122,74.44347527636965,0,0.0,Day 10 - weekday - Station B
1,10,11,0,weekday,53,True,True,1,,,A,0.0,85.7982738049516,4800.0,4885.798273804951,85.7982738049516,0,0.0,Day 11 - weekday - Station A
1,10,11,0,weekday,53,True,True,1,,,B,85.7982738049516,181.21814525359906,4885.798273804951,4981.218145253599,95.41987144864746,0,0.0,Day 11 - weekday - Station B
1,10,11,0,weekday,16,True,True,1,,,A,181.21814525359906,273.3174558648143,4981.218145253599,5073.317455864814,92.09931061121526,0,0.0,Day 11 - weekday - Station A
1,10,11,0,weekday,16,True,True,1,,,B,273.3174558648143,348.6437838268623,5073.317455864814,5148.643783826862,75.32632796204805,0,0.0,Day 11 - weekday - Station B
1,11,11,1,weekday,41,True,False,0,,,A,0.0,90.58665808373206,4800.0,4890.586658083732,90.58665808373206,0,0.0,Day 11 - weekday - Station A
1,11,11,1,weekday,41,True,False,0,,,B,90.58665808373206,152.88231179742934,4890.586658083732,4952.88231179743,62.29565371369729,0,0.0,Day 11 - weekday - Station B
1,11,11,1,weekday,62,True,False,0,,,A,152.88231179742934,242.611024037353,4952.88231179743,5042.611024037353,89.72871223992365,0,0.0,Day 11 - weekday - Station A
1,11,11,1,weekday,62,True,False,0,,,B,242.611024037353,313.92217905592867,5042.611024037353,5113.922179055929,71.31115501857569,0,0.0,Day 11 - weekday - Station B
1,11,11,1,weekday,4,True,False,0,,,A,313.92217905592867,404.61748777613377,5113.922179055929,5204.617487776134,90.69530872020513,0,0.0,Day 11 - weekday - Station A
1,11,11,1,weekday,4,True,False,0,,,B,404.61748777613377,467.87612568885714,5204.617487776134,5267.876125688857,63.25863791272338,0,0.0,Day 11 - weekday - Station B
1,11,12,0,weekday,9,True,True,1,,,A,0.0,95.24042631227668,5280.0,5375.240426312277,95.24042631227668,0,0.0,Day 12 - weekday - Station A
1,11,12,0,weekday,9,True,True,1,,,B,95.24042631227668,162.57746127978226,5375.240426312277,5442.577461279782,67.33703496750559,0,0.0,Day 12 - weekday - Station B
1,11,12,0,weekday,67,True,True,1,,,A,162.57746127978226,263.98699513808185,5442.577461279782,5543.9869951380815,101.40953385829962,0,0.0,Day 12 - weekday - Station A
1,11,12,0,weekday,67,True,True,1,,,B,263.98699513808185,326.3545206234566,5543.9869951380815,5606.354520623457,62.36752548537478,0,0.0,Day 12 - weekday - Station B
1,12,12,0,weekday,37,False,False,0,,,A,326.3545206234566,402.09928518490943,5606.354520623457,5682.09928518491,75.74476456145281,0,0.0,Day 12 - weekday - Station A
1,12,12,0,weekday,37,False,False,0,,,B,402.09928518490943,468.48314302746843,5682.09928518491,5748.483143027468,66.38385784255898,0,0.0,Day 12 - weekday - Station B
1,12,12,1,weekday,99,True,False,0,,,A,0.0,89.58146137112902,5280.0,5369.581461371129,89.58146137112902,0,0.0,Day 12 - weekday - Station A
1,12,12,1,weekday,99,True,False,0,,,B,89.58146137112902,142.68551506162288,5369.581461371129,5422.685515061623,53.104053690493856,0,0.0,Day 12 - weekday - Station B
1,12,12,1,weekday,78,True,False,0,,,A,142.68551506162288,234.5413289384199,5422.685515061623,5514.54132893842,91.85581387679701,0,0.0,Day 12 - weekday - Station A
1,12,12,1,weekday,78,True,False,0,,,B,234.5413289384199,301.0577323149872,5514.54132893842,5581.057732314987,66.51640337656733,0,0.0,Day 12 - weekday - Station B
1,12,12,1,weekday,22,True,False,0,,,A,301.0577323149872,387.86527302507494,5581.057732314987,5667.865273025075,86.80754071008772,0,0.0,Day 12 - weekday - Station A
1,12,12,1,weekday,22,True,False,0,,,B,387.86527302507494,449.6825866844932,5667.865273025075,5729.682586684493,61.81731365941825,0,0.0,Day 12 - weekday - Station B
1,12,13,0,weekday,45,True,True,1,,,A,0.0,100.4743255102263,5760.0,5860.474325510227,100.4743255102263,0,0.0,Day 13 - weekday - Station A
1,12,13,0,weekday,45,True,True,1,,,B,100.4743255102263,152.82504926495028,5860.474325510227,5912.82504926495,52.350723754724,0,0.0,Day 13 - weekday - Station B
1,12,13,0,weekday,5,True,True,1,,,A,152.82504926495028,246.7648683057423,5912.82504926495,6006.764868305742,93.93981904079202,0,0.0,Day 13 - weekday - Station A
1,12,13,0,weekday,5,True,True,1,,,B,246.7648683057423,331.3715683382674,6006.764868305742,6091.371568338267,84.60670003252511,0,0.0,Day 13 - weekday - Station B
1,13,13,1,weekday,38,True,False,0,,,A,0.0,86.70044229356803,5760.0,5846.700442293568,86.70044229356803,0,0.0,Day 13 - weekday - Station A
1,13,13,1,weekday,38,True,False,0,,,B,86.70044229356803,159.58647236466402,5846.700442293568,5919.586472364664,72.886030071096,0,0.0,Day 13 - weekday - Station B
1,13,13,1,weekday,81,True,False,0,,,A,159.58647236466402,242.64462599910547,5919.586472364664,6002.644625999105,83.05815363444144,0,0.0,Day 13 - weekday - Station A
1,13,13,1,weekday,81,True,False,0,,,B,242.64462599910547,299.7024585474658,6002.644625999105,6059.7024585474655,57.05783254836036,0,0.0,Day 13 - weekday - Station B
1,13,13,1,weekday,91,True,False,0,,,A,299.7024585474658,391.77377480415294,6059.7024585474655,6151.773774804153,92.07131625668708,0,0.0,Day 13 - weekday - Station A
1,13,13,1,weekday,91,True,False,0,,,B,391.77377480415294,463.29177315338336,6151.773774804153,6223.2917731533835,71.51799834923042,0,0.0,Day 13 - weekday - Station B
1,13,14,0,weekday,42,True,True,1,173.36655284650027,293.36655284650027,A,0.0,82.7422944181582,6240.0,6322.742294418158,82.7422944181582,0,0.0,Day 14 - weekday - Station A
1,13,14,0,weekday,42,True,True,1,173.36655284650027,293.36655284650027,B,82.7422944181582,164.5464004401677,6322.742294418158,6404.546400440167,81.80410602200949,0,0.0,Day 14 - weekday - Station B
1,13,14,0,weekday,56,True,True,1,173.36655284650027,293.36655284650027,A,293.36655284650027,381.59076744986777,6533.3665528465,6621.590767449868,88.22421460336751,0,0.0,Day 14 - weekday - Station A
1,13,14,0,weekday,56,True,True,1,173.36655284650027,293.36655284650027,B,381.59076744986777,453.41481378418416,6621.590767449868,6693.414813784184,71.8240463343164,0,0.0,Day 14 - weekday - Station B
1,13,14,1,weekday,63,True,True,1,,,A,0.0,92.92855963315428,6240.0,6332.928559633155,92.92855963315428,0,0.0,Day 14 - weekday - Station A
1,13,14,1,weekday,63,True,True,1,,,B,92.92855963315428,146.0474313385536,6332.928559633155,6386.047431338554,53.11887170539932,0,0.0,Day 14 - weekday - Station B
1,14,14,1,weekday,75,True,False,0,,,A,146.0474313385536,226.43392678155178,6386.047431338554,6466.433926781552,80.38649544299818,0,0.0,Day 14 - weekday - Station A
1,14,14,1,weekday,75,True,False,0,,,B,226.43392678155178,297.425231071259,6466.433926781552,6537.425231071259,70.99130428970724,0,0.0,Day 14 - weekday - Station B
1,14,14,1,weekday,92,True,False,0,,,A,297.425231071259,375.28696072578293,6537.425231071259,6615.286960725783,77.8617296545239,0,0.0,Day 14 - weekday - Station A
1,14,14,1,weekday,92,True,False,0,,,B,375.28696072578293,436.8968146556082,6615.286960725783,6676.896814655608,61.60985392982528,0,0.0,Day 14 - weekday - Station B
1,14,15,0,weekday,26,True,True,1,,,A,0.0,85.01051339254796,6720.0,6805.010513392548,85.01051339254796,0,0.0,Day 15 - weekday - Station A
1,14,15,0,weekday,26,True,True,1,,,B,85.01051339254796,145.1264869283046,6805.010513392548,6865.126486928305,60.11597353575664,0,0.0,Day 15 - weekday - Station B
1,14,15,0,weekday,55,True,True,1,,,A,145.1264869283046,236.8455830961952,6865.126486928305,6956.845583096195,91.71909616789063,0,0.0,Day 15 - weekday - Station A
1,14,15,0,weekday,55,True,True,1,,,B,236.8455830961952,319.3705138963593,6956.845583096195,7039.37051389636,82.52493080016409,0,0.0,Day 15 - weekday - Station B
1,15,15,1,weekday,66,True,False,0,,,A,0.0,94.17170358843877,6720.0,6814.1717035884385,94.17170358843877,0,0.0,Day 15 - weekday - Station A
1,15,15,1,weekday,66,True,False,0,,,B,94.17170358843877,159.52631584225713,6814.1717035884385,6879.526315842257,65.35461225381837,0,0.0,Day 15 - weekday - Station B
1,15,15,1,weekday,18,True,False,0,,,A,159.52631584225713,252.52227424511784,6879.526315842257,6972.522274245118,92.9959584028607,0,0.0,Day 15 - weekday - Station A
1,15,15,1,weekday,18,True,False,0,,,B,252.52227424511784,316.0946427616675,6972.522274245118,7036.094642761667,63.57236851654965,0,0.0,Day 15 - weekday - Station B
1,15,15,1,weekday,21,True,False,0,,,A,316.0946427616675,414.65271262632047,7036.094642761667,7134.652712626321,98.55806986465298,0,0.0,Day 15 - weekday - Station A
1,15,15,1,weekday,21,True,False,0,,,B,414.65271262632047,477.79834929609837,7134.652712626321,7197.798349296098,63.14563666977791,0,0.0,Day 15 - weekday - Station B
1,15,16,0,weekday,31,True,True,1,,,A,0.0,96.50844668072162,7200.0,7296.508446680722,96.50844668072162,0,0.0,Day 16 - weekday - Station A
1,15,16,0,weekday,31,True,True,1,,,B,96.50844668072162,182.28406875232042,7296.508446680722,7382.28406875232,85.7756220715988,0,0.0,Day 16 - weekday - Station B
1,15,16,0,weekday,20,True,True,1,,,A,182.28406875232042,280.8151686403812,7382.28406875232,7480.815168640382,98.5310998880608,0,0.0,Day 16 - weekday - Station A
1,15,16,0,weekday,20,True,True,1,,,B,280.8151686403812,341.1003056143815,7480.815168640382,7541.100305614382,60.285136974000295,0,0.0,Day 16 - weekday - Station B
1,16,16,1,weekday,89,True,False,0,,,A,0.0,94.69909929025229,7200.0,7294.699099290252,94.69909929025229,0,0.0,Day 16 - weekday - Station A
1,16,16,1,weekday,89,True,False,0,,,B,94.69909929025229,151.68907134970476,7294.699099290252,7351.689071349705,56.989972059452455,0,0.0,Day 16 - weekday - Station B
1,16,16,1,weekday,64,True,False,0,,,A,151.68907134970476,247.77946096685943,7351.689071349705,7447.779460966859,96.09038961715467,0,0.0,Day 16 - weekday - Station A
1,16,16,1,weekday,64,True,False,0,,,B,247.77946096685943,320.72834333531637,7447.779460966859,7520.728343335317,72.94888236845695,0,0.0,Day 16 - weekday - Station B
1,16,17,0,weekday,85,True,True,1,,,A,0.0,95.96532686338648,7680.0,7775.9653268633865,95.96532686338648,0,0.0,Day 17 - weekday - Station A
1,16,17,0,weekday,85,True,True,1,,,B,95.96532686338648,159.14454297462447,7775.9653268633865,7839.1445429746245,63.17921611123799,0,0.0,Day 17 - weekday - Station B
1,16,17,0,weekday,72,True,True,1,,,A,159.14454297462447,250.89975720297008,7839.1445429746245,7930.89975720297,91.75521422834561,0,0.0,Day 17 - weekday - Station A
1,16,17,0,weekday,72,True,True,1,,,B,250.89975720297008,326.3258171040801,7930.89975720297,8006.32581710408,75.42605990111002,0,0.0,Day 17 - weekday - Station B
1,16,17,1,weekday,77,True,True,1,,,A,0.0,98.38900854793278,7680.0,7778.3890085479325,98.38900854793278,0,0.0,Day 17 - weekday - Station A
1,16,17,1,weekday,77,True,True,1,,,B,98.38900854793278,170.346857075134,7778.3890085479325,7850.346857075134,71.95784852720124,0,0.0,Day 17 - weekday - Station B
1,17,17,1,weekday,98,True,False,0,,,A,170.346857075134,260.5763879901639,7850.346857075134,7940.576387990164,90.22953091502988,0,0.0,Day 17 - weekday - Station A
1,17,17,1,weekday,98,True,False,0,,,B,260.5763879901639,334.28080274784924,7940.576387990164,8014.2808027478495,73.70441475768537,0,0.0,Day 17 - weekday - Station B
1,17,18,0,weekday,79,True,True,1,,,A,0.0,90.281495145037,8160.0,8250.281495145036,90.281495145037,0,0.0,Day 18 - weekday - Station A
1,17,18,0,weekday,79,True,True,1,,,B,90.281495145037,151.5144577047085,8250.281495145036,8311.514457704709,61.232962559671506,0,0.0,Day 18 - weekday - Station B
1,17,18,0,weekday,24,True,True,1,,,A,151.5144577047085,245.85624962291706,8311.514457704709,8405.856249622917,94.34179191820859,0,0.0,Day 18 - weekday - Station A
1,17,18,0,weekday,24,True,True,1,,,B,245.85624962291706,338.73681691973695,8405.856249622917,8498.736816919736,92.8805672968199,0,0.0,Day 18 - weekday - Station B
1,17,18,1,weekday,54,True,True,1,,,A,0.0,94.19894773029591,8160.0,8254.198947730296,94.19894773029591,0,0.0,Day 18 - weekday - Station A
1,17,18,1,weekday,54,True,True,1,,,B,94.19894773029591,175.61253523115124,8254.198947730296,8335.612535231152,81.41358750085533,0,0.0,Day 18 - weekday - Station B
1,18,18,1,weekday,28,True,False,0,,,A,175.61253523115124,263.8505874494449,8335.612535231152,8423.850587449444,88.23805221829369,0,0.0,Day 18 - weekday - Station A
1,18,18,1,weekday,28,True,False,0,,,B,263.8505874494449,319.1884378112369,8423.850587449444,8479.188437811237,55.337850361792,0,0.0,Day 18 - weekday - Station B
1,18,18,1,weekday,44,True,False,0,,,A,319.1884378112369,401.3688539809327,8479.188437811237,8561.368853980934,82.18041616969582,0,0.0,Day 18 - weekday - Station A
1,18,18,1,weekday,44,True,False,0,,,B,401.3688539809327,458.443842154338,8561.368853980934,8618.443842154338,57.07498817340527,0,0.0,Day 18 - weekday - Station B
1,18,19,0,weekday,95,True,True,1,,,A,0.0,86.87652934017859,8640.0,8726.87652934018,86.87652934017859,0,0.0,Day 19 - weekday - Station A
1,18,19,0,weekday,95,True,True,1,,,B,86.87652934017859,160.30418156167707,8726.87652934018,8800.304181561678,73.42765222149848,0,0.0,Day 19 - weekday - Station B
1,18,19,0,weekday,76,True,True,1,,,A,160.30418156167707,253.0981574807048,8800.304181561678,8893.098157480705,92.79397591902774,0,0.0,Day 19 - weekday - Station A
1,18,19,0,weekday,76,True,True,1,,,B,253.0981574807048,312.5792793340046,8893.098157480705,8952.579279334004,59.48112185329978,0,0.0,Day 19 - weekday - Station B
1,18,19,1,weekday,29,True,True,1,,,A,0.0,86.59358152684891,8640.0,8726.59358152685,86.59358152684891,0,0.0,Day 19 - weekday - Station A
1,18,19,1,weekday,29,True,True,1,,,B,86.59358152684891,152.9530783134145,8726.59358152685,8792.953078313414,66.35949678656557,0,0.0,Day 19 - weekday - Station B
1,18,19,1,weekday,40,True,True,1,,,A,152.9530783134145,251.123786815518,8792.953078313414,8891.123786815519,98.17070850210351,0,0.0,Day 19 - weekday - Station A
1,18,19,1,weekday,40,True,True,1,,,B,251.123786815518,313.4306254606133,8891.123786815519,8953.430625460613,62.306838645095354,0,0.0,Day 19 - weekday - Station B
1,19,19,1,weekday,47,True,False,0,,,A,313.4306254606133,403.743052571237,8953.430625460613,9043.743052571237,90.31242711062369,0,0.0,Day 19 - weekday - Station A
1,19,19,1,weekday,47,True,False,0,,,B,403.743052571237,464.95319097820953,9043.743052571237,9104.953190978209,61.21013840697255,0,0.0,Day 19 - weekday - Station B
1,19,20,0,weekday,59,True,True,1,229.58465769389613,349.58465769389613,A,0.0,91.37840876714381,9120.0,9211.378408767145,91.37840876714381,0,0.0,Day 20 - weekday - Station A
1,19,20,0,weekday,59,True,True,1,229.58465769389613,349.58465769389613,B,91.37840876714381,175.1008261822533,9211.378408767145,9295.100826182254,83.72241741510949,0,0.0,Day 20 - weekday - Station B
1,19,20,1,weekday,30,True,True,1,,,A,0.0,89.88919912101773,9120.0,9209.889199121018,89.88919912101773,0,0.0,Day 20 - weekday - Station A
1,19,20,1,weekday,30,True,True,1,,,B,89.88919912101773,157.70487360038774,9209.889199121018,9277.704873600387,67.81567447937002,0,0.0,Day 20 - weekday - Station B
1,19,20,1,weekday,15,True,True,1,,,A,157.70487360038774,248.39139274515327,9277.704873600387,9368.391392745154,90.68651914476553,0,0.0,Day 20 - weekday - Station A
1,19,20,1,weekday,15,True,True,1,,,B,248.39139274515327,343.11288499327,9368.391392745154,9463.11288499327,94.72149224811669,0,0.0,Day 20 - weekday - Station B
1,19,21,0,weekend,65,True,True,2,,,A,0.0,90.01653450288784,9600.0,9690.016534502887,90.01653450288784,0,0.0,Day 21 - weekend - Station A
1,19,21,0,weekend,65,True,True,2,,,B,90.01653450288784,170.45076811009926,9690.016534502887,9770.450768110099,80.43423360721141,0,0.0,Day 21 - weekend - Station B
1,20,21,0,weekend,69,True,True,1,,,A,170.45076811009926,256.306640034392,9770.450768110099,9856.306640034392,85.8558719242927,0,0.0,Day 21 - weekend - Station A
1,20,21,0,weekend,69,True,True,1,,,B,256.306640034392,332.24742988061394,9856.306640034392,9932.247429880614,75.94078984622193,0,0.0,Day 21 - weekend - Station B
1,20,21,1,weekend,39,True,True,1,,,A,0.0,100.34925757889239,9600.0,9700.349257578893,100.34925757889239,0,0.0,Day 21 - weekend - Station A
1,20,21,1,weekend,39,True,True,1,,,B,100.34925757889239,153.24219901737285,9700.349257578893,9753.242199017373,52.89294143848047,0,0.0,Day 21 - weekend - Station B
1,20,21,1,weekend,10,True,True,1,,,A,153.24219901737285,244.73147971334333,9753.242199017373,9844.731479713344,91.48928069597049,0,0.0,Day 21 - weekend - Station A
1,20,21,1,weekend,10,True,True,1,,,B,244.73147971334333,310.4624289787698,9844.731479713344,9910.46242897877,65.73094926542647,0,0.0,Day 21 - weekend - Station B
1,20,21,1,weekend,94,True,True,1,,,A,310.4624289787698,408.55799475529074,9910.46242897877,10008.55799475529,98.09556577652091,0,0.0,Day 21 - weekend - Station A
1,20,21,1,weekend,94,True,True,1,,,B,408.55799475529074,479.1294946875123,10008.55799475529,10079.129494687513,70.57149993222154,0,0.0,Day 21 - weekend - Station B
1,20,22,0,weekend,33,True,True,2,,,A,0.0,97.36164929828533,10080.0,10177.361649298286,97.36164929828533,0,0.0,Day 22 - weekend - Station A
1,20,22,0,weekend,33,True,True,2,,,B,97.36164929828533,157.5405422969772,10177.361649298286,10237.540542296978,60.178892998691865,0,0.0,Day 22 - weekend - Station B
